url,published_at_short,scraped_at,source_paths
https://covermonaco.com/,May 14 2025,Jan 10,/
https://covermonaco.com/emanuele-antonio-panico-from-naples-to-the-global-fashion-capitals,,Jan 10,/
https://covermonaco.com/nagibe-abbud-art-activism-and-sustainable-impact,,Jan 10,/
https://covermonaco.com/jason-carsons-story-technology-and-talent-bytes-and-blockbusters,,Jan 10,/
https://covermonaco.com/thomas-j-kent-jr-of-kent-global-llc-and-the-kent-family-office-is-a-major-player-in-monaco,,Jan 10,/
https://covermonaco.com/tina-knowles-defends-beyonce-after-online-criticism-of-netflix-christmas-day-halftime-show,,Jan 10,/
https://covermonaco.com/from-pittsburgh-roots-to-the-hollywood-spotlight,,Jan 10,/
https://covermonaco.com/paloma-elsessers-ferragamo-met-gala-look-a-tribute-to-black-dandyism-and-maximilian-davis,,Jan 10,/
https://covermonaco.com/from-inner-strength-to-epic-worlds-jennifer-aitken-legends-of-light-shadows-2,,Jan 10,/
https://covermonaco.com/love-rekindled-molly-mae-confirms-reunion-with-tommy-fury,,Jan 10,/
https://covermonaco.com/from-the-archives-to-the-screen-the-original-thomas-friends-pilot-returns,,Jan 10,/
https://covermonaco.com/paula-fullerton-a-life-woven-in-style-flavor-and-discovery,,Jan 10,/
https://covermonaco.com/riham-abed-the-designer-who-turned-challenges-into-couture,,Jan 10,/
https://covermonaco.com/brandface-redefining-womanhood-through-fashion-confidence-and-global-empowerment,,Jan 10,/
https://covermonaco.com/resurrecting-the-past-pink-floyds-pompeii-concert-hits-uk-chart-summit,,Jan 10,/
https://covermonaco.com/missing-you-fool-me-once-producers-discuss-the-unique-appeal-of-harlan-cobens-netflix-thrillers,,Jan 10,/
https://covermonaco.com/tradition-and-transformation-reading-pope-leos-early-days,,Jan 10,/
https://covermonaco.com/sarah-dickens-turning-adversity-into-an-anthem-of-faith-and-hope,,Jan 10,/
https://covermonaco.com/dizzee-rascal-to-headline-explosive-night-at-margate-summer-series-2025,,Jan 10,/
https://covermonaco.com/rihanna-debuts-baby-bump-at-2025-met-gala-confirms-third-child-with-aap-rocky,,Jan 10,/
https://covermonaco.com/eva-zuk-the-multifaceted-maven-of-fashion-real-estate-and-digital-influence,,Jan 10,/
https://covermonaco.com/for-the-thrill-of-it-jean-paul-belmondos-death-defying-film-career,,Jan 10,/
https://covermonaco.com/olga-filippova-to-headline-the-ai-film-congress-awards-charity-dinner-hosted-by-royal-gentlemen-during-cannes-film-festival-2025,,Jan 10,/
https://covermonaco.com/dear-remy-hollywood-career-coach-on-how-to-ring-in-the-new-year-and-the-joys-of-laziness,,Jan 10,/
https://covermonaco.com/zarine-manchanda-the-visionary-redefining-modern-luxury-and-leadership,,Jan 10,/
https://covermonaco.com/jimmy-carter-former-u-s-president-and-nobel-peace-prize-winner-passes-away-at-100,,Jan 10,/
https://covermonaco.com/olena-oliinyk-a-journey-of-strength-confidence-and-style,,Jan 10,/
https://covermonaco.com/critics-notebook-mariah-careys-christmas-anthem-edges-closer-to-becoming-the-greatest-song-ever,,Jan 10,/
https://covermonaco.com/wp-content/uploads/2025/01/Work-Butler-Images_-Graphics-3-removebg.png,,Jan 10,/
https://covermonaco.com/wp-content/uploads/2025/01/DearRemy-2024-12-28-860x484.webp,,Jan 10,/
https://covermonaco.com/author/cyberarchit,,Jan 10,/